INSERT INTO `Departments` VALUES('101','소아과','김유신','051-123-0101');
INSERT INTO `Departments` VALUES('102','내과','김춘추','051-123-0102');
INSERT INTO `Departments` VALUES('103','외과','장보고','051-123-0103');
INSERT INTO `Departments` VALUES('104','피부과','선덕여왕','051-123-0104');
INSERT INTO `Departments` VALUES('105','이비인후과','강감찬','051-123-0105');
INSERT INTO `Departments` VALUES('106','산부인과','신사임당','051-123-0106');
INSERT INTO `Departments` VALUES('107','흉부외과','류성룡','051-123-0107');
INSERT INTO `Departments` VALUES('108','정형외과','송상현','051-123-0108');
INSERT INTO `Departments` VALUES('109','신경외과','이순신','051-123-0109');
INSERT INTO `Departments` VALUES('110','비뇨기과','정약용','051-123-0110');
INSERT INTO `Departments` VALUES('111','안과','박지원','051-123-0111');
INSERT INTO `Departments` VALUES('112','치과','전봉준','051-123-0112');

INSERT INTO `Doctors` VALUES('D101101','김유신','1976-01-21','M','101','과장','010-1101-1976','kimys@bw.com');
INSERT INTO `Doctors` VALUES('D101102','계백','1976-06-11','M','101','전문의','010-1102-1975','gaeback@bw.com');
INSERT INTO `Doctors` VALUES('D101103','김관창','1976-05-30','M','101','전문의','010-1103-1989','kwanch@bw.com');
INSERT INTO `Doctors` VALUES('D102101','김춘추','1976-04-13','M','102','과장','010-2101-1979','kimcc@bw.com');
INSERT INTO `Doctors` VALUES('D102104','이사부','1976-09-12','M','102','전문의','010-2104-1966','leesabu@bw.com');
INSERT INTO `Doctors` VALUES('D103101','장보고','1976-07-28','M','103','과장','010-3101-1979','janbg@bw.com');
INSERT INTO `Doctors` VALUES('D104101','선덕여왕','1976-06-15','F','104','과장','010-4101-1984','gueen@bw.com');
INSERT INTO `Doctors` VALUES('D105101','강감찬','1976-10-21','M','105','과장','010-5101-1965','kang@bw.com');
INSERT INTO `Doctors` VALUES('D106101','신사임당','1976-11-28','F','106','과장','010-6101-1972','sinsa@bw.com');
INSERT INTO `Doctors` VALUES('D107103','이이','1976-09-07','M','107','전문의','010-7103-1002','leelee@bw.com');
INSERT INTO `Doctors` VALUES('D107104','이황','1976-12-09','M','107','전문의','010-7104-1989','hwang@bw.com');
INSERT INTO `Doctors` VALUES('D108101','송상현','1976-03-14','M','108','과장','010-8101-1977','ssh@bw.com');

INSERT INTO `Nurses` VALUES('N101101','송승현','1976-02-21','M','101','수간호사','010-1101-7602','ssh@bw.com');
INSERT INTO `Nurses` VALUES('N102101','이영애','1975-07-11','F','102','수간호사','010-1102-7507','yung@bw.com');
INSERT INTO `Nurses` VALUES('N102102','엄정화','1989-06-30','F','102','주임','010-1103-8906','um@bw.com');
INSERT INTO `Nurses` VALUES('N102103','박명수','1979-05-13','M','102','주임','010-2101-7905','park@bw.com');
INSERT INTO `Nurses` VALUES('N103101','정준하','1966-10-12','M','103','주임','010-2104-6610','jung@bw.com');
INSERT INTO `Nurses` VALUES('N104101','김태희','1979-08-28','F','104','주임','010-3101-7908','taeh@bw.com');
INSERT INTO `Nurses` VALUES('N105101','송혜교','1984-07-15','F','105','주임','010-4101-8407','song@bw.com');
INSERT INTO `Nurses` VALUES('N106101','공유','1965-11-21','M','106','간호사','010-5101-6511','gong@bw.com');
INSERT INTO `Nurses` VALUES('N107101','이병헌','1972-12-18','M','107','간호사','010-6101-7212','byung@bw.com');
INSERT INTO `Nurses` VALUES('N108101','송중기','1992-10-07','M','108','간호사','010-7103-9210','jungi@bw.com');

INSERT INTO`Patients` VALUES('P102101','D102101','N102101','정우성','760121-1234567','M','서울','010-1101-7601',NULL,'배우');
INSERT INTO`Patients` VALUES('P103101','D103101','N103101','이정재','750611-1234567','M','서울','010-1102-7606',NULL,'배우');   
INSERT INTO`Patients` VALUES('P102102','D102104','N102103','전지현','890530-1234567','F','대전','010-1103-8905','jjh@naver.com','자영업');
INSERT INTO`Patients` VALUES('P104101','D104101','N102103','이나영','790413-1234567','F','대전','010-2101-7904','lee@naver.com','회사원');
INSERT INTO`Patients` VALUES('P105101','D105101','N102103','원빈','660912-1234567','F','대전','010-2104-6609','one@daum.net','배우');
INSERT INTO`Patients` VALUES('P103102','D103101','N102103','장동건','790728-1234567','F','대구','010-3103-8905-7907','jang@naver.com','배우');
INSERT INTO`Patients` VALUES('P104102','D104101','N102103','고소영','840615-1234567','F','대구','010-4101-8406','goso@daum.net','회사원');
INSERT INTO`Patients` VALUES('P108101','D108101','N102103','김연아','651021-1234567','F','대구','010-5101-6510','yuna@daum.net','운동선수');
INSERT INTO`Patients` VALUES('P102103','D102104','N102103','유재석','721128-1234567','F','부산','010-6101-7211',null,'개그맨');
INSERT INTO`Patients` VALUES('P107101','D107104','N102103','강호동','920907-1234567','F','부산','010-7103-9209',null,'개그맨');
INSERT INTO`Patients` VALUES('P105102','D105101','N102103','조인성','891209-1234567','F','광주','010-7104-8912','join@gmail.com','배우');
INSERT INTO`Patients` VALUES('P104103','D104101','N102103','강동원','770314-1234567','F','광주','010-8101-7703','dong@naver.com','배우');

INSERT INTO`Treatments`VALUES('1021001','D102101','P102101','감기,몸살',
'2022-01-10 10:50:12');
INSERT INTO`Treatments`VALUES('1031002','D103101','P103101','교통사고 외상',
'2022-01-10 10:50:12');
INSERT INTO`Treatments`VALUES('1021003','D102104','P102102','위염,장염',
'2022-01-10 10:50:12');
INSERT INTO`Treatments`VALUES('1041004','D104101','P104101','피부트러블',
'2022-01-10 10:50:12');
INSERT INTO`Treatments`VALUES('1051005','D105101','P105101','코막힘 및 비염',
'2022-01-10 10:50:12');
INSERT INTO`Treatments`VALUES('1031006','D103101','P103102','목디스크',
'2022-01-10 10:50:12');
INSERT INTO`Treatments`VALUES('1041007','D104101','P104102','여드름',
'2022-01-10 10:50:12');
INSERT INTO`Treatments`VALUES('1081008','D108101','P108101','오른쪽 발목 뼈 골절',
'2022-01-10 10:50:12');
INSERT INTO`Treatments`VALUES('1021009','D102104','P102103','소화불량',
'2022-01-10 10:50:12');
INSERT INTO`Treatments`VALUES('1071010','D107104','P107101','가슴통증',
'2022-01-10 10:50:12');
INSERT INTO`Treatments`VALUES('1051011','D105101','P105102','귀 이명',
'2022-01-10 10:50:12');
INSERT INTO`Treatments`VALUES('1041012','D104101','P104103','팔목 화상',
'2022-01-10 10:50:12');

INSERT INTO `Charts`VALUES('C1021001',1021001,'D102101','P102101',
'감기주사 및 약처방');
INSERT INTO `Charts`VALUES('C1031002',1031002,'D103101','P103101','입원치료');
INSERT INTO `Charts`VALUES('C1021003',1021003,'D102104','P102102',
'위내시경');
INSERT INTO `Charts`VALUES('C1041004',1041004,'D104101','P104101',
'피부 감염 방지 주사');
INSERT INTO `Charts`VALUES('C1051005',1051005,'D105101','P105101',
'비염치료');
INSERT INTO `Charts`VALUES('C1031006',1031006,'D103101','P103102',
'목 견인치료');
INSERT INTO `Charts`VALUES('C1041007',1041007,'D104101','P104102',
'여드름 치료약 처방');
INSERT INTO `Charts`VALUES('C1081008',1081008,'D108101','P108101',
'발목깁스');
INSERT INTO `Charts`VALUES('C1021009',1021009,'D102104','P102103',
'주사처방');
INSERT INTO `Charts`VALUES('C1071010',1071010,'D107104','P107101',
'MRI검사');
INSERT INTO `Charts`VALUES('C1051011',1051011,'D105101','P105102',
'귀청소 및 약 처방');
INSERT INTO `Charts`VALUES('C1041012',1041012,'D104101','P104103',
'화상 크림약 처방');


#문제1. 모든 의사의 의사ID, 이름, 생년월일, 전공의과 번호, 전공의과 이름을 조회하시오.
SELECT 
	`doc_id`,
	`doc_name`,
	`doc_birth`,
	b.`dep_no`,
	`dep_name`	 
FROM `Doctors` AS a
JOIN `Departments` AS b ON a.dep_no = b.dep_no;


#문제2. 모든 간호사의 간호사ID, 이름, 생년월일, 전공의과 번호, 전공의과 이름을 조회하시오.
SELECT 
	`nur_id`,
	`nur_name`,
	`nur_birth`,
	`dep_no`,
	`dep_name`
FROM `Nurses`
JOIN `Departments` USING(`dep_no`);



#문제3. 모든 환자의 환자ID, 이름, 주민번호, 휴대폰, 담당의사 이름, 담당 간호사 이름을 조회하시오. 
SELECT
	`pat_id`,
	`pat_name`,
	`pat_jumin`,
	`pat_phone`,
	`doc_name`,
	`nur_name`
FROM `Patients` AS a
JOIN `Doctors` AS b ON a.doc_id = b.doc_id
JOIN `Nurses`  AS c ON a.nur_id = c.nur_id;

#문제4. 모든 진료내역에서 환자 이름, 담당의사 이름, 진료내용, 처방내용, 진료날짜를 조회하시오.
SELECT
	`pat_name`,
	`doc_name`,
	`treat_contents`,
	`chart_contents`,
	`treat_datetime`
FROM `Treatments` AS a
JOIN `Patients` AS b ON a.pat_id = b.pat_id
JOIN `Doctors`  AS c ON a.doc_id = c.doc_id
JOIN `Charts`   AS d ON a.treat_no = d.treat_no;

#문제5. 모든 진료내역에서 '외과'에서 진료한 내역 가운데 진료번호, 환자이름, 담당의사명, 진료내용, 처방내용, 진료날짜를 조회하시오.
SELECT 
	a.`treat_no`,
	`pat_name`,
	`doc_name`,
	`treat_contents`,
	`chart_contents`,
	`treat_datetime`
FROM `Treatments`  AS a
JOIN `Doctors`     AS b ON a.doc_id = b.doc_id
JOIN `Departments` AS c ON b.dep_no = c.dep_no
JOIN `Charts`      AS d ON a.treat_no = d.treat_no
JOIN `Patients`    AS e ON a.pat_id = e.pat_id
WHERE `dep_name`='외과';

#문제6. 모든 진료내역에서 '화상'으로 진료한 내역 가운데 진료번호, 환자이름, 담당의사명, 진료내용, 처방내용, 진료날짜를 조회하시오.
SELECT 
	a.`treat_no`,
	`pat_name`,
	`doc_name`,
	`treat_contents`,
	`chart_contents`,
	`treat_datetime`
FROM `Treatments`  AS a
JOIN `Doctors`     AS b ON a.doc_id = b.doc_id
JOIN `Departments` AS c ON b.dep_no = c.dep_no
JOIN `Charts`      AS d ON a.treat_no = d.treat_no
JOIN `Patients`    AS e ON a.pat_id = e.pat_id
WHERE `treat_contents` LIKE '%화상%';

#문제7. 현재 날짜를 기준으로 30세 이상 ~ 40세 미만 환자를 조회하시오.
SELECT * from
	(SELECT 
		*,
		YEAR(NOW()) - `year` AS `age`
	 from
		(SELECT
			*,
			CONCAT('19', SUBSTRING(`pat_jumin`, 1, 2)) AS `year`
		FROM `Patients`) AS a
	) AS b
WHERE `age` >= 30 AND `age` < 40;

#정채윤
select * FROM patients
WHERE  (YEAR(NOW()) - CONCAT(19,SUBSTR(pat_jumin,1,2))+1) BETWEEN 30 AND 40;

SELECT *  FROM patients AS a
WHERE ((DATE_FORMAT(NOW(),'%y')+100)-SUBSTR(a.pat_jumin,1,2) ) BETWEEN 30 AND 40;

#문제8. 모든 전공부서에서 아직 의사ID가 부여되지 않은 의사의 이름과 부서명을 조회하시오.
SELECT 
	`dep_manager`,
	`dep_name`
FROM `Departments` AS a
LEFT JOIN `Doctors` AS b ON a.dep_no = b.dep_no
WHERE `doc_id` IS NULL;

#문제9. 김태희 간호사가 맡고 있는 모든 환자의 이름을 구분자 ^으로 해서 '강동원^고소영^이나영'과 같이 조회하시오.
SELECT 
	GROUP_CONCAT(`pat_name` SEPARATOR '^') AS `환자들`
FROM `Patients` AS a
JOIN `Nurses` AS b ON a.nur_id = b.nur_id
WHERE `nur_name`='김태희';

#문제10. 가장 많은 환자 수를 담당하는 간호사ID, 간호사 이름, 담당환자수를 조회 하시오.
SELECT
	a.`nur_id`,
	`nur_name`,
	COUNT(*) AS `환자수`
FROM `Patients` AS a
JOIN `Nurses` AS b ON a.nur_id = b.nur_id
GROUP BY a.`nur_id`
ORDER BY `환자수` DESC
LIMIT 1;

